<?xml version="1.0" encoding="UTF-8"?>
<beans xmlns="http://www.springframework.org/schema/beans"
	xmlns:xsi="http://www.w3.org/2001/XMLSchema-instance"
	xmlns:context="http://www.springframework.org/schema/context"
	xmlns:mvc="http://www.springframework.org/schema/mvc"
	xmlns:tx="http://www.springframework.org/schema/tx"
	xsi:schemaLocation="
    http://www.springframework.org/schema/mvc
    http://www.springframework.org/schema/mvc/spring-mvc-4.3.xsd
        http://www.springframework.org/schema/beans
        http://www.springframework.org/schema/beans/spring-beans-4.3.xsd
        http://www.springframework.org/schema/context
        http://www.springframework.org/schema/context/spring-context-4.3.xsd
        http://www.springframework.org/schema/tx
        http://www.springframework.org/schema/tx/spring-tx-4.3.xsd">

	<!-- Pacote base da aplicação WEB -->
	<context:component-scan base-package="web" />

	<!-- Habilitar anotações no Spring -->
	<mvc:annotation-driven />

	<!-- Define pagina inicial (ingnora a configuração do web.xml) -->
	<mvc:view-controller path="/" view-name="index" />

	<!-- Controle de transações por anotações no Spring -->
	<tx:annotation-driven />

	<!-- Spring tratar arquivos comuns CSS, JS, Imagens -->
	<mvc:default-servlet-handler />

	<!-- JSP na pasta /WEB-INF/views/ -->
	<bean
		class="org.springframework.web.servlet.view.InternalResourceViewResolver">
		<property name="prefix" value="/WEB-INF/views/" />
		<property name="suffix" value=".jsp" />
	</bean>

	<!-- dados da conexao -->
	<bean id="mysqlDataSource"
		class="org.apache.commons.dbcp.BasicDataSource">
		<property name="driverClassName"
			value="com.mysql.jdbc.Driver" />
		<property name="url" value="jdbc:mysql://localhost/projeto_gustavo" />
		<property name="username" value="root" />
		<property name="password" value="root" />
	</bean>

	<!-- gerenciamento de jpa pelo spring -->
	<bean id="entityManagerFactory"
		class="org.springframework.orm.jpa.LocalContainerEntityManagerFactoryBean">
		<property name="dataSource" ref="mysqlDataSource" />
		<property name="jpaVendorAdapter">
			<bean
				class="org.springframework.orm.jpa.vendor.HibernateJpaVendorAdapter" />
		</property>
	</bean>

	<!-- gerenciamento da transação pelo spring -->
	<bean id="transactionManager"
		class="org.springframework.orm.jpa.JpaTransactionManager">
		<property name="entityManagerFactory"
			ref="entityManagerFactory" />
	</bean>

</beans>